{
  "accuracy": 0.65,
  "log_loss": 0.7073629039153115,
  "classes": {
    "0": "home_win",
    "1": "draw",
    "2": "away_win"
  },
  "report": {
    "0": {
      "precision": 0.7638888888888888,
      "recall": 0.859375,
      "f1-score": 0.8088235294117647,
      "support": 64.0
    },
    "1": {
      "precision": 0.3181818181818182,
      "recall": 0.21875,
      "f1-score": 0.25925925925925924,
      "support": 32.0
    },
    "2": {
      "precision": 0.6153846153846154,
      "recall": 0.6666666666666666,
      "f1-score": 0.64,
      "support": 24.0
    },
    "accuracy": 0.65,
    "macro avg": {
      "precision": 0.5658184408184408,
      "recall": 0.5815972222222222,
      "f1-score": 0.569360929557008,
      "support": 120.0
    },
    "weighted avg": {
      "precision": 0.6153328153328153,
      "recall": 0.65,
      "f1-score": 0.6285083514887437,
      "support": 120.0
    }
  }
}